source_file,test_id,qid,type,clean_text,raw_text
science-biology-2015.js,science_biology_2015,1,multiple-choice,Red flower color is dominant to white flower color in rose plants. What is the expected result of a cross between two heterozygous rose plants?,"<img src=""images/question_1.png"" class=""question-image""><br><br>Red flower color is dominant to white flower color in rose plants. What is the expected result of a cross between two heterozygous rose plants?"
science-biology-2015.js,science_biology_2015,2,drag-drop,Place the phases of mitosis in the correct sequence.,Place the phases of mitosis in the correct sequence.
science-biology-2015.js,science_biology_2015,3,multiple-choice,"To classify an organism a scientist finds in the field, which of these will the scientist first compare to other known organisms?","To classify an organism a scientist finds in the field, which of these will the scientist first compare to other known organisms?"
science-biology-2015.js,science_biology_2015,4,multiple-choice,"For the growth curve to continue increasing, which of these must occur?","<img src=""images/question_4.png"" class=""question-image""><br><br>For the growth curve to continue increasing, which of these must occur?"
science-biology-2015.js,science_biology_2015,5,multiple-choice,What did Rosalind Franklin contribute to the understanding of DNA molecules?,What did Rosalind Franklin contribute to the understanding of DNA molecules?
science-biology-2015.js,science_biology_2015,6,drag-drop,Some functions of several structures of a fish are listed in the chart. Complete the chart by placing the structures of a cell next to the function they perform.,Some functions of several structures of a fish are listed in the chart. Complete the chart by placing the structures of a cell next to the function they perform.
science-biology-2015.js,science_biology_2015,7,multiple-choice,Darwin's explanation for evolution was dependent on which scientific concept?,Darwin's explanation for evolution was dependent on which scientific concept?
science-biology-2015.js,science_biology_2015,8,multiple-choice,Which best helps scientists determine the age of fossils?,Which best helps scientists determine the age of fossils?
science-biology-2015.js,science_biology_2015,9,multiple-choice,"A student is investigating the effect of plants on indoor air quality and states, ""If plants are added to an indoor environment, the air quality will improve."" This statement is an example of —","A student is investigating the effect of plants on indoor air quality and states, ""If plants are added to an indoor environment, the air quality will improve."" This statement is an example of —"
science-biology-2015.js,science_biology_2015,10,multiple-choice,"Although controversial at first, the germ theory of disease proposed that microorganisms were the cause of many diseases. Which of these was a result of the general acceptance that microorganisms cause disease?","Although controversial at first, the germ theory of disease proposed that microorganisms were the cause of many diseases. Which of these was a result of the general acceptance that microorganisms cause disease?"
science-biology-2015.js,science_biology_2015,11,multiple-choice,A biologist gathered data to show the interaction of the golden-cheeked warbler and juniper tree populations. Which conclusion did the biologist most likely make from the data shown?,"<img src=""images/question_11.png"" class=""question-image""><br><br>A biologist gathered data to show the interaction of the golden-cheeked warbler and juniper tree populations. Which conclusion did the biologist most likely make from the data shown?"
science-biology-2015.js,science_biology_2015,12,multiple-choice,Studying the differences between fossils and modern organisms helps scientists better understand the —,"<img src=""images/question_12.png"" class=""question-image""><br><br>Studying the differences between fossils and modern organisms helps scientists better understand the —"
science-biology-2015.js,science_biology_2015,13,multiple-choice,"This chart shows observations made of an unknown organism. Based on this information, the organism most likely belongs to the kingdom —","<img src=""images/question_13.png"" class=""question-image""><br><br>This chart shows observations made of an unknown organism. Based on this information, the organism most likely belongs to the kingdom —"
science-biology-2015.js,science_biology_2015,14,multiple-choice,What can be concluded from this graph?,"<img src=""images/question_14.png"" class=""question-image""><br><br>What can be concluded from this graph?"
science-biology-2015.js,science_biology_2015,15,multiple-choice,Which statement is an inference based on this information?,"<img src=""images/question_15.png"" class=""question-image""><br><br>Which statement is an inference based on this information?"
science-biology-2015.js,science_biology_2015,16,multiple-choice,The weakness of hydrogen bonds between the bases of DNA allows —,The weakness of hydrogen bonds between the bases of DNA allows —
science-biology-2015.js,science_biology_2015,17,multiple-choice,Which of these would most likely result in a change to the current classification of an organism?,Which of these would most likely result in a change to the current classification of an organism?
science-biology-2015.js,science_biology_2015,18,multiple-select,Select the autotrophs.,Select the autotrophs.
science-biology-2015.js,science_biology_2015,19,multiple-choice,Five species of frogs that live in separate habitats within 5 non-overlapping ranges along the Mississippi River share a common ancestor. Which process is most likely responsible for the formation of these five distinct species?,Five species of frogs that live in separate habitats within 5 non-overlapping ranges along the Mississippi River share a common ancestor. Which process is most likely responsible for the formation of these five distinct species?
science-biology-2015.js,science_biology_2015,20,multiple-choice,Chloroplast process X + H₂O → Y + O₂ The diagram shown represents the input and output of a process performed by the chloroplast of a cell. Which substance is most likely represented by Y?,Chloroplast process<br><u>X</u> + H₂O → <u>Y</u> + O₂<br><br>The diagram shown represents the input and output of a process performed by the chloroplast of a cell. Which substance is most likely represented by Y?
science-biology-2015.js,science_biology_2015,21,multiple-choice,Which statement best describes her hypothesis?,"<img src=""images/question_21.png"" class=""question-image""><br><br>Which statement best describes her hypothesis?"
science-biology-2015.js,science_biology_2015,22,multiple-choice,Seaweeds occupy an important niche in the Chesapeake Bay ecosystem. Which question will best help a student identify the role of seaweeds in this ecosystem?,Seaweeds occupy an important niche in the Chesapeake Bay ecosystem. Which question will best help a student identify the role of seaweeds in this ecosystem?
science-biology-2015.js,science_biology_2015,23,multiple-choice,"In 1950, Erwin Chargaff discovered that the percentage of adenine in DNA equals the percentage of thymine, and that the percentage of cytosine equals the percentage of guanine. This proved invaluable to the eventual discovery of which aspect of DNA?","In 1950, Erwin Chargaff discovered that the percentage of adenine in DNA equals the percentage of thymine, and that the percentage of cytosine equals the percentage of guanine. This proved invaluable to the eventual discovery of which aspect of DNA?"
science-biology-2015.js,science_biology_2015,24,multiple-choice,"The study of embryos and other early stages of development can help in the classification of living things, past and present, by providing clues about the —","The study of embryos and other early stages of development can help in the classification of living things, past and present, by providing clues about the —"
science-biology-2015.js,science_biology_2015,25,drag-drop,Complete the sentences about water molecules by dragging the correct terms to each box.,Complete the sentences about water molecules by dragging the correct terms to each box.
science-biology-2015.js,science_biology_2015,26,multiple-choice,Which characteristic do most adult fungi and plants share?,Which characteristic do most adult fungi and plants share?
science-biology-2015.js,science_biology_2015,27,multiple-choice,"Students use a dissolved oxygen probe during a laboratory activity involving 1,000 mL samples of pond water. The function of the probe is to —","<img src=""images/question_27.png"" class=""question-image""><br><br>Students use a dissolved oxygen probe during a laboratory activity involving 1,000 mL samples of pond water. The function of the probe is to —"
science-biology-2015.js,science_biology_2015,28,free-response,"In a population of 120 oak trees, 25% of the population has oak wilt disease. What is the number of trees in this population that have oak wilt?","In a population of 120 oak trees, 25% of the population has oak wilt disease. What is the number of trees in this population that have oak wilt?"
science-biology-2015.js,science_biology_2015,29,multiple-choice,"An insect called the hemlock woolly adelgid was introduced to a Virginia forest ecosystem. This pest feeds on the nutrients stored inside a hemlock tree, resulting in the death of the tree. Which kind of data would best help a student evaluate the effect of this insect?","An insect called the hemlock woolly adelgid was introduced to a Virginia forest ecosystem. This pest feeds on the nutrients stored inside a hemlock tree, resulting in the death of the tree. Which kind of data would best help a student evaluate the effect of this insect?"
science-biology-2015.js,science_biology_2015,30,multiple-choice,A student wanted to compare the transpiration rates of two different plant species at varying levels of humidity. The results are recorded in the table shown. Each plant group was given the same amount of water and light throughout the investigation. Which procedure should have been performed to prevent error in this investigation?,"<img src=""images/question_30.png"" class=""question-image""><br><br>A student wanted to compare the transpiration rates of two different plant species at varying levels of humidity. The results are recorded in the table shown. Each plant group was given the same amount of water and light throughout the investigation. Which procedure should have been performed to prevent error in this investigation?"
science-biology-2015.js,science_biology_2015,31,multiple-choice,"In an ecosystem, a sudden decrease in the number of bacteria in the soil would most likely result in —","In an ecosystem, a sudden decrease in the number of bacteria in the soil would most likely result in —"
science-biology-2015.js,science_biology_2015,32,multiple-choice,"Medicines are being produced using recombinant DNA technology. For veterinarians, the use of this DNA technology will result in —","Medicines are being produced using recombinant DNA technology. For veterinarians, the use of this DNA technology will result in —"
science-biology-2015.js,science_biology_2015,33,multiple-choice,The arrow in the diagram represents the movement of which molecular structure?,"<img src=""images/question_33.png"" class=""question-image""><br><br>The arrow in the diagram represents the movement of which molecular structure?"
science-biology-2015.js,science_biology_2015,34,multiple-choice,"According to the classification key, what is the genus and species of this organism?","<img src=""images/question_34.png"" class=""question-image""><br><br>According to the classification key, what is the genus and species of this organism?"
science-biology-2015.js,science_biology_2015,35,multiple-choice,The jackrabbit is a desert mammal. The jackrabbit's circulatory system increases blood flow to the ears during hot days. The blood flow to the ears decreases during cool or cold nights. This circulation pattern is most directly related to —,"<img src=""images/question_35.png"" class=""question-image""><br><br>The jackrabbit is a desert mammal. The jackrabbit's circulatory system increases blood flow to the ears during hot days. The blood flow to the ears decreases during cool or cold nights. This circulation pattern is most directly related to —"
science-biology-2015.js,science_biology_2015,36,multiple-choice,Proteins are among the most diverse group of macromolecules because of the —,Proteins are among the most diverse group of macromolecules because of the —
science-biology-2015.js,science_biology_2015,37,multiple-choice,Which is an activity that increases the genetic variation within a population of earthworms?,Which is an activity that increases the genetic variation within a population of earthworms?
science-biology-2015.js,science_biology_2015,38,multiple-choice,The structural differences between a tadpole and an adult frog are due to the —,The structural differences between a tadpole and an adult frog are due to the —
science-biology-2015.js,science_biology_2015,39,multiple-choice,"After 24 hours, the amount of gas that accumulated at the top of the inverted test tube is measured. The students conclude that the light source is causing the water to evaporate, causing water vapor to fill the top of the tube. The best alternative explanation of the differences between the setups is that the —","<img src=""images/question_39.png"" class=""question-image""><br><br>After 24 hours, the amount of gas that accumulated at the top of the inverted test tube is measured. The students conclude that the light source is causing the water to evaporate, causing water vapor to fill the top of the tube. The best alternative explanation of the differences between the setups is that the —"
science-biology-2015.js,science_biology_2015,40,drag-drop,This table was found in a journal of student research. What are the independent and dependent variables in this investigation?,"<img src=""images/question_40.png"" class=""question-image""><br><br>This table was found in a journal of student research. What are the independent and dependent variables in this investigation?"
science-biology-2015.js,science_biology_2015,41,multiple-choice,Scientists classifying modern animals are most likely to compare the —,Scientists classifying modern animals are most likely to compare the —
science-biology-2015.js,science_biology_2015,42,multiple-choice,Which feature do viruses have in common with animal cells?,Which feature do viruses have in common with animal cells?
science-biology-2015.js,science_biology_2015,43,multiple-choice,"According to this diagram, the result of spermatogenesis is four sperm cells, each with —","<img src=""images/question_43.png"" class=""question-image""><br><br>According to this diagram, the result of spermatogenesis is four sperm cells, each with —"
science-biology-2015.js,science_biology_2015,44,multiple-choice,A group of ponies lives in the Chincoteague National Wildlife Reserve in Virginia. The development of longer legs over time would be selected for if —,A group of ponies lives in the Chincoteague National Wildlife Reserve in Virginia. The development of longer legs over time would be selected for if —
science-biology-2015.js,science_biology_2015,45,multiple-choice,One parent is heterozygous for a certain trait (Dd). The other parent is homozygous dominant (DD) for that trait. What is the percent chance that an offspring from this cross will be heterozygous?,One parent is heterozygous for a certain trait (Dd). The other parent is homozygous dominant (DD) for that trait. What is the percent chance that an offspring from this cross will be heterozygous?
science-biology-2015.js,science_biology_2015,46,multiple-choice,Which trial in the table of data shown has questionable data?,"<img src=""images/question_46.png"" class=""question-image""><br><br>Which trial in the table of data shown has questionable data?"
science-chemistry-2015.js,science_chemistry_2015,,multiple-choice,A student measures the mass of a 1.00 g aluminum rod as 0.99 g. The best estimate of the percent error associated with this measurement is —,A student measures the mass of a 1.00 g aluminum rod as 0.99 g. The best estimate of the percent error associated with this measurement is —
science-chemistry-2015.js,science_chemistry_2015,,multiple-choice,The most efficient way to determine whether a reaction is an exothermic chemical reaction is to use —,The most efficient way to determine whether a reaction is an exothermic chemical reaction is to use —
science-chemistry-2015.js,science_chemistry_2015,,multiple-choice,2Al(C₂H₃O₂)₃ + 3Ba(SO₄) → Al₂(SO₄)₃ + 3Ba(C₂H₃O₂)₂ Which type of chemical reaction does this equation represent?,<center>2Al(C₂H₃O₂)₃ + 3Ba(SO₄) → Al₂(SO₄)₃ + 3Ba(C₂H₃O₂)₂</center><br>Which type of chemical reaction does this equation represent?
science-chemistry-2015.js,science_chemistry_2015,,free-response,What is the oxidation number of an oxide ion?,What is the oxidation number of an oxide ion?
science-chemistry-2015.js,science_chemistry_2015,,multiple-choice,What is the molarity of a solution with 0.2 moles of potassium permanganate (KMnO₄) dissolved in enough water to make a 500.0 mL solution?,What is the molarity of a solution with 0.2 moles of potassium permanganate (KMnO₄) dissolved in enough water to make a 500.0 mL solution?
science-chemistry-2015.js,science_chemistry_2015,,multiple-choice,"When 92.0 g of ethanol (C₂H₅OH) are vaporized at its boiling point of 78.3°C, it requires 78.6 kJ of energy. What is the approximate molar heat of vaporization of ethanol in kJ/mol?","When 92.0 g of ethanol (C₂H₅OH) are vaporized at its boiling point of 78.3°C, it requires 78.6 kJ of energy. What is the approximate molar heat of vaporization of ethanol in kJ/mol?"
science-chemistry-2015.js,science_chemistry_2015,,free-response,What is the density (in g/mL) of an aqueous solution that has a mass of 10.081 g and 12.5 mL? Your answer must use significant digits.,What is the density (in g/mL) of an aqueous solution that has a mass of 10.081 g and 12.5 mL? Your answer must use significant digits.
science-chemistry-2015.js,science_chemistry_2015,,multiple-choice,"Which element has 16 neutrons, 15 protons, and 15 electrons?","Which element has 16 neutrons, 15 protons, and 15 electrons?"
science-chemistry-2015.js,science_chemistry_2015,,multiple-choice,Al( s ) + 3AgNO₃( aq ) → Al(NO₃)₃( aq ) + 3Ag( s ) This equation represents which type of chemical reaction?,<center>Al(<i>s</i>) + 3AgNO₃(<i>aq</i>) → Al(NO₃)₃(<i>aq</i>) + 3Ag(<i>s</i>)</center><br>This equation represents which type of chemical reaction?
science-chemistry-2015.js,science_chemistry_2015,,multiple-choice,"In the formula for barium chloride, (BaCl₂), barium (Ba) is written first because it is —","In the formula for barium chloride, (BaCl₂), barium (Ba) is written first because it is —"
science-chemistry-2015.js,science_chemistry_2015,,multiple-choice,Which of these laboratory techniques is best to separate a solid from a liquid to recover the liquid?,Which of these laboratory techniques is best to separate a solid from a liquid to recover the liquid?
science-chemistry-2015.js,science_chemistry_2015,,multiple-choice,Which of these is NOT required to ensure that stock solutions are free of contamination?,Which of these is NOT required to ensure that stock solutions are free of contamination?
science-chemistry-2015.js,science_chemistry_2015,,multiple-choice,Which of these values is most responsible for changing the boiling and freezing points of a solvent?,Which of these values is most responsible for changing the boiling and freezing points of a solvent?
science-chemistry-2015.js,science_chemistry_2015,,multiple-choice,What is the name of the compound with the formula NH₄NO₃?,What is the name of the compound with the formula NH₄NO₃?
science-chemistry-2015.js,science_chemistry_2015,,free-response,Calculate the number of moles of Li₃PO₄ in 2.2 L of a 0.60 M Li₃PO₄ solution.,Calculate the number of moles of Li₃PO₄ in 2.2 L of a 0.60 M Li₃PO₄ solution.
science-chemistry-2015.js,science_chemistry_2015,,multiple-choice,N₂ + 3F₂ ⇌ 2NF₃ Equilibrium has been reached for the reaction shown. Which conclusion is correct?,<center>N₂ + 3F₂ ⇌ 2NF₃</center><br>Equilibrium has been reached for the reaction shown. Which conclusion is correct?
science-chemistry-2015.js,science_chemistry_2015,,multiple-choice,"If 89.6 joules of heat are needed to heat 20.0 grams of iron from 30.0°C to 40.0°C, what is the specific heat of the iron in J/(g·°C)?","If 89.6 joules of heat are needed to heat 20.0 grams of iron from 30.0°C to 40.0°C, what is the specific heat of the iron in J/(g·°C)?"
science-chemistry-2015.js,science_chemistry_2015,,multiple-choice,Which of the four substances on this pH scale is slightly basic?,"<img src=""images/question_18.png"" class=""question-image""><br><br>Which of the four substances on this pH scale is slightly basic?"
science-chemistry-2015.js,science_chemistry_2015,,multiple-choice,Which element will most likely form covalent bonds with fluorine?,Which element will most likely form covalent bonds with fluorine?
science-chemistry-2015.js,science_chemistry_2015,,multiple-choice,The physical process of evaporation involves —,The physical process of evaporation involves —
science-chemistry-2015.js,science_chemistry_2015,,multiple-choice,___C₂H₄ + ___O₂ → ___CO₂ + ___H₂O How many moles of O₂ are in the chemical equation when balanced using the lowest whole numbers?,<center>___C₂H₄ + ___O₂ → ___CO₂ + ___H₂O</center><br>How many moles of O₂ are in the chemical equation when balanced using the lowest whole numbers?
science-chemistry-2015.js,science_chemistry_2015,,multiple-choice,"While English physicist J. J. Thomson was carrying out experiments on cathode rays, he was able to determine that the rays consisted of particles he called ""corpuscles."" These particles were later named —","<img src=""images/question_22.png"" class=""question-image""><br><br>While English physicist J. J. Thomson was carrying out experiments on cathode rays, he was able to determine that the rays consisted of particles he called ""corpuscles."" These particles were later named —"
science-chemistry-2015.js,science_chemistry_2015,,multiple-choice,"In the Haber process, nitrogen (N₂) and hydrogen (H₂) are directly combined to form ammonia (NH₃). Which illustration contains the stoichiometric quantities of the reactants for this reaction?","In the Haber process, nitrogen (N₂) and hydrogen (H₂) are directly combined to form ammonia (NH₃). Which illustration contains the stoichiometric quantities of the reactants for this reaction?"
science-chemistry-2015.js,science_chemistry_2015,,multiple-choice,"A beaker of water is placed in a large sealed jar that is attached to a vacuum pump. As air is pumped out of the jar, the water begins to boil because —","<img src=""images/question_24.png"" class=""question-image""><br><br>A beaker of water is placed in a large sealed jar that is attached to a vacuum pump. As air is pumped out of the jar, the water begins to boil because —"
science-chemistry-2015.js,science_chemistry_2015,,multiple-select,"According to the periodic table of the elements, which elements belong to the same period?","According to the periodic table of the elements, which elements belong to the same period?"
science-chemistry-2015.js,science_chemistry_2015,,multiple-choice,How many moles are in 2.04 × 10²⁴ molecules of H₂O?,How many moles are in 2.04 × 10²⁴ molecules of H₂O?
science-chemistry-2015.js,science_chemistry_2015,,multiple-choice,What is the name for FeCl₃ using the IUPAC nomenclature rules?,What is the name for FeCl₃ using the IUPAC nomenclature rules?
science-chemistry-2015.js,science_chemistry_2015,,free-response,An expandable container of oxygen gas has a volume of 125 mL at a temperature of 25.0°C. What volume will the gas occupy at 55.0°C?,An expandable container of oxygen gas has a volume of 125 mL at a temperature of 25.0°C. What volume will the gas occupy at 55.0°C?
science-chemistry-2015.js,science_chemistry_2015,,multiple-choice,Which of these correctly describes how organic catalysts operate in biological reactions?,Which of these correctly describes how organic catalysts operate in biological reactions?
science-chemistry-2015.js,science_chemistry_2015,,multiple-choice,What volume will 35.9 g of hydrogen gas (H₂) occupy at STP?,What volume will 35.9 g of hydrogen gas (H₂) occupy at STP?
science-chemistry-2015.js,science_chemistry_2015,,multiple-choice,"___Ca(NO₃)₂ + H₃PO₄ → ___Ca₃(PO₄)₂ + ___HNO₃ When this equation is balanced, the coefficient in front of H₃PO₄ is —","<center>___Ca(NO₃)₂ + H₃PO₄ → ___Ca₃(PO₄)₂ + ___HNO₃</center><br>When this equation is balanced, the coefficient in front of H₃PO₄ is —"
science-chemistry-2015.js,science_chemistry_2015,,multiple-choice,Increasing the volume of a sealed container will cause the gas particles within the container to —,Increasing the volume of a sealed container will cause the gas particles within the container to —
science-chemistry-2015.js,science_chemistry_2015,,multiple-choice,"Each of four groups of students determined and recorded the melting point of a solid compound. If the actual melting point is 113°C, which group had the best precision?","<img src=""images/question_33.png"" class=""question-image""><br><br>Each of four groups of students determined and recorded the melting point of a solid compound. If the actual melting point is 113°C, which group had the best precision?"
science-chemistry-2015.js,science_chemistry_2015,,multiple-choice,Consider any set of three adjacent elements in the same period on the periodic table. For which characteristic is the average for the three elements always equal to the value of the middle element?,Consider any set of three adjacent elements in the same period on the periodic table. For which characteristic is the average for the three elements always equal to the value of the middle element?
science-chemistry-2015.js,science_chemistry_2015,,multiple-choice,A substance has a molecular formula of C₈H₁₀N₄O₂. The empirical formula is —,A substance has a molecular formula of C₈H₁₀N₄O₂. The empirical formula is —
science-chemistry-2015.js,science_chemistry_2015,,drag-drop,Create the formula for diboron trioxide using the symbols provided.,Create the formula for diboron trioxide using the symbols provided.
science-chemistry-2015.js,science_chemistry_2015,,multiple-choice,What is the name for the compound AlI₃?,What is the name for the compound AlI₃?
science-chemistry-2015.js,science_chemistry_2015,,multiple-choice,2C₄H₁₀ + 13O₂ → 8CO₂ + 10H₂O How many moles of carbon dioxide (CO₂) are produced when reacting 6.00 moles of butane (C₄H₁₀) in excess oxygen (O₂)?,<center>2C₄H₁₀ + 13O₂ → 8CO₂ + 10H₂O</center><br>How many moles of carbon dioxide (CO₂) are produced when reacting 6.00 moles of butane (C₄H₁₀) in excess oxygen (O₂)?
science-chemistry-2015.js,science_chemistry_2015,,multiple-choice,Which structure represents a nonpolar molecule?,Which structure represents a nonpolar molecule?
science-chemistry-2015.js,science_chemistry_2015,,multiple-choice,Using only one trial to collect data in an experiment —,Using only one trial to collect data in an experiment —
science-chemistry-2015.js,science_chemistry_2015,,multiple-choice,A common product of acid-base neutralization reactions is —,A common product of acid-base neutralization reactions is —
science-chemistry-2015.js,science_chemistry_2015,,multiple-choice,"Based on the information provided, which solution is a base and a weak electrolyte?","<img src=""images/question_42.png"" class=""question-image""><br><br>Based on the information provided, which solution is a base and a weak electrolyte?"
science-chemistry-2015.js,science_chemistry_2015,,multiple-choice,What is the half-life of Americium-242?,"<img src=""images/question_43.png"" class=""question-image""><br><br>What is the half-life of Americium-242?"
science-chemistry-2015.js,science_chemistry_2015,,multiple-choice,Two electrons are shared equally in bromine (Br₂). What type of bond is represented between the bromine atoms in this Lewis structure?,"<img src=""images/question_44.png"" class=""question-image""><br><br>Two electrons are shared equally in bromine (Br₂). What type of bond is represented between the bromine atoms in this Lewis structure?"
science-chemistry-2015.js,science_chemistry_2015,,multiple-choice,A student is studying the effects of several solutions on the prevention of the browning of apples. The student used solutions having different pH values and immersed three apple slices in equal volumes of each of the solutions. Which of these is the independent variable in this investigation?,A student is studying the effects of several solutions on the prevention of the browning of apples. The student used solutions having different pH values and immersed three apple slices in equal volumes of each of the solutions. Which of these is the independent variable in this investigation?
science-chemistry-2015.js,science_chemistry_2015,,multiple-choice,"An experiment produced 0.10 g CO₂ with a volume of 0.056 L at STP. If the accepted density of CO₂ at STP is 1.96 g/L, what is the approximate percent error?","An experiment produced 0.10 g CO₂ with a volume of 0.056 L at STP. If the accepted density of CO₂ at STP is 1.96 g/L, what is the approximate percent error?"
science-earth-sci-2015.js,science_earth_sci_2015,1,multiple-choice,The fossil at point X has been dated to be 65 million years old. What can relative dating indicate about the fossil at point Y?,"<img src=""images/question_1.png"" class=""question-image""><br><br>The fossil at point X has been dated to be 65 million years old. What can relative dating indicate about the fossil at point Y?"
science-earth-sci-2015.js,science_earth_sci_2015,2,multiple-choice,The highest and lowest tides are known as the spring tides. When do these tides occur?,The highest and lowest tides are known as the spring tides. When do these tides occur?
science-earth-sci-2015.js,science_earth_sci_2015,3,multiple-choice,Which best describes the area shown in this aerial photograph?,"<img src=""images/question_3.png"" class=""question-image""><br><br>Which best describes the area shown in this aerial photograph?"
science-earth-sci-2015.js,science_earth_sci_2015,4,multiple-choice,The moon has a stronger influence on Earth's tides than the sun because the moon —,The moon has a stronger influence on Earth's tides than the sun because the moon —
science-earth-sci-2015.js,science_earth_sci_2015,5,multiple-choice,Remains of ancient life are most often preserved through which process?,Remains of ancient life are most often preserved through which process?
science-earth-sci-2015.js,science_earth_sci_2015,6,multiple-choice,Environmental effects of the impact of a meteorite 66.4 million years ago may have led to the extinction of many species on Earth. Which evidence best supports this theory?,Environmental effects of the impact of a meteorite 66.4 million years ago may have led to the extinction of many species on Earth. Which evidence best supports this theory?
science-earth-sci-2015.js,science_earth_sci_2015,7,drag-drop,"When a river flows into a lake, the velocity of the water decreases. Which sediments will most likely be in the numbered locations?","When a river flows into a lake, the velocity of the water decreases. Which sediments will most likely be in the numbered locations? <br><br><img src=""images/question_7.png"" class=""question-image"">"
science-earth-sci-2015.js,science_earth_sci_2015,8,drag-drop,Which type of rock is formed by each process?,Which type of rock is formed by each process?
science-earth-sci-2015.js,science_earth_sci_2015,9,multiple-choice,"A student hypothesizes that water from infrequently used school faucets contains more chemical impurities than the water from frequently used faucets. At the same time of day, the student uses a water test kit to measure the water impurities from the different faucets. Which is the manipulated variable in this investigation?","A student hypothesizes that water from infrequently used school faucets contains more chemical impurities than the water from frequently used faucets. At the same time of day, the student uses a water test kit to measure the water impurities from the different faucets. Which is the manipulated variable in this investigation?"
science-earth-sci-2015.js,science_earth_sci_2015,10,multiple-choice,Which coordinates identify a location north of a city that has a latitude of 38.0°N and a longitude of 25.0°W?,Which coordinates identify a location north of a city that has a latitude of 38.0°N and a longitude of 25.0°W?
science-earth-sci-2015.js,science_earth_sci_2015,11,multiple-choice,At which range of altitude is air pressure closest to 40 kPa based on these data?,"<img src=""images/question_11.png"" class=""question-image""><br><br>At which range of altitude is air pressure closest to 40 kPa based on these data?"
science-earth-sci-2015.js,science_earth_sci_2015,12,multiple-choice,Which was the first object made by humans to orbit Earth?,Which was the first object made by humans to orbit Earth?
science-earth-sci-2015.js,science_earth_sci_2015,13,multiple-choice,Under which condition would a lowering of the water table most likely occur?,Under which condition would a lowering of the water table most likely occur?
science-earth-sci-2015.js,science_earth_sci_2015,14,multiple-choice,This weather map helps to predict the location where a storm will occur by giving which type of information?,"<img src=""images/question_14.png"" class=""question-image""><br><br>This weather map helps to predict the location where a storm will occur by giving which type of information?"
science-earth-sci-2015.js,science_earth_sci_2015,15,multiple-choice,Spacecraft traveling to Jupiter from Earth would most likely have to navigate through or around which natural obstacle?,Spacecraft traveling to Jupiter from Earth would most likely have to navigate through or around which natural obstacle?
science-earth-sci-2015.js,science_earth_sci_2015,16,multiple-choice,"A geologist studying volcanic activity is collecting rocks that formed from hot, molten magma. What type of rock is the geologist collecting?","A geologist studying volcanic activity is collecting rocks that formed from hot, molten magma. What type of rock is the geologist collecting?"
science-earth-sci-2015.js,science_earth_sci_2015,17,multiple-choice,Which substance is a mixture of organic matter and weathered rock?,Which substance is a mixture of organic matter and weathered rock?
science-earth-sci-2015.js,science_earth_sci_2015,18,multiple-choice,Which natural process is the main cause of the ocean currents shown?,"<img src=""images/question_18.png"" class=""question-image""><br><br>Which natural process is the main cause of the ocean currents shown?"
science-earth-sci-2015.js,science_earth_sci_2015,19,multiple-choice,Determining how the sea floor changes over time has given scientists information about the —,Determining how the sea floor changes over time has given scientists information about the —
science-earth-sci-2015.js,science_earth_sci_2015,20,multiple-choice,Why do regions of the world near the equator (0° latitude) have a more consistent climate than regions at middle latitudes?,Why do regions of the world near the equator (0° latitude) have a more consistent climate than regions at middle latitudes?
science-earth-sci-2015.js,science_earth_sci_2015,21,multiple-choice,"In order to protect aquifers near landfills, material is placed under the soil to prevent pollution. Which property must the protective material possess?","In order to protect aquifers near landfills, material is placed under the soil to prevent pollution. Which property must the protective material possess?"
science-earth-sci-2015.js,science_earth_sci_2015,22,multiple-choice,Which is a characteristic of all nonfoliated metamorphic rocks?,Which is a characteristic of all nonfoliated metamorphic rocks?
science-earth-sci-2015.js,science_earth_sci_2015,23,multiple-choice,Students made a hydrometer by sealing the end of a straw with wax and adding some sand until the hydrometer barely floated in fresh water. The diagram shows what the students observed when they used the hydrometer to test water from three different sites. Each water sample had the same temperature. Which of these explanations best fits these observations?,"<img src=""images/question_23.png"" class=""question-image""><br><br>Students made a hydrometer by sealing the end of a straw with wax and adding some sand until the hydrometer barely floated in fresh water. The diagram shows what the students observed when they used the hydrometer to test water from three different sites. Each water sample had the same temperature. Which of these explanations best fits these observations?"
science-earth-sci-2015.js,science_earth_sci_2015,24,multiple-choice,The cleavage properties of mica result from the —,The cleavage properties of mica result from the —
science-earth-sci-2015.js,science_earth_sci_2015,25,multiple-choice,A star begins its formation as gravitational forces cause instability within a —,A star begins its formation as gravitational forces cause instability within a —
science-earth-sci-2015.js,science_earth_sci_2015,26,multiple-choice,The diagram represents areas below the surface of Earth in which fossils have been found. The fossil located in which labeled area is most likely the oldest?,"<img src=""images/question_26.png"" class=""question-image""><br><br>The diagram represents areas below the surface of Earth in which fossils have been found. The fossil located in which labeled area is most likely the oldest?"
science-earth-sci-2015.js,science_earth_sci_2015,27,multiple-choice,Which structure is most similar to an alluvial fan in formation and composition?,Which structure is most similar to an alluvial fan in formation and composition?
science-earth-sci-2015.js,science_earth_sci_2015,28,drag-drop,Label these ocean features.,"Label these ocean features. <br><br><img src=""images/question_28.png"" class=""question-image"">"
science-earth-sci-2015.js,science_earth_sci_2015,29,multiple-choice,Scientists study small pockets of air trapped deep within frozen glaciers. What are scientists trying to understand about the climate of Earth by analyzing these ice samples?,Scientists study small pockets of air trapped deep within frozen glaciers. What are scientists trying to understand about the climate of Earth by analyzing these ice samples?
science-earth-sci-2015.js,science_earth_sci_2015,30,multiple-choice,The picture shows a sinkhole. Which of these most likely caused this sinkhole to form?,"<img src=""images/question_30.png"" class=""question-image""><br><br>The picture shows a sinkhole. Which of these most likely caused this sinkhole to form?"
science-earth-sci-2015.js,science_earth_sci_2015,31,multiple-choice,Which Virginia watershed has the greatest impact in the state due to its size?,"<img src=""images/question_31.png"" class=""question-image""><br><br>Which Virginia watershed has the greatest impact in the state due to its size?"
science-earth-sci-2015.js,science_earth_sci_2015,32,multiple-choice,Which mineral is most likely an ingredient used in baby powder?,Which mineral is most likely an ingredient used in baby powder?
science-earth-sci-2015.js,science_earth_sci_2015,33,multiple-choice,Pollution due to coal burning most frequently tends to affect lakes by —,Pollution due to coal burning most frequently tends to affect lakes by —
science-earth-sci-2015.js,science_earth_sci_2015,34,multiple-choice,Some ponds are designed to increase the amount of water seeping into the ground. These types of ponds will fail to work properly in —,Some ponds are designed to increase the amount of water seeping into the ground. These types of ponds will fail to work properly in —
science-earth-sci-2015.js,science_earth_sci_2015,35,multiple-choice,Which action would most likely reduce concerns about how strip mining can harm the environment?,Which action would most likely reduce concerns about how strip mining can harm the environment?
science-earth-sci-2015.js,science_earth_sci_2015,36,drag-drop,Identify the geologic time in which these organisms first appeared.,Identify the geologic time in which these organisms first appeared.
science-earth-sci-2015.js,science_earth_sci_2015,37,multiple-choice,Crushed stone is an economic resource that is second only to coal in Virginia. How is crushed stone mainly used?,Crushed stone is an economic resource that is second only to coal in Virginia. How is crushed stone mainly used?
science-earth-sci-2015.js,science_earth_sci_2015,38,multiple-choice,A student hypothesizes that a sample of rock formed from ocean sediments. Which would best help the student support this hypothesis?,A student hypothesizes that a sample of rock formed from ocean sediments. Which would best help the student support this hypothesis?
science-earth-sci-2015.js,science_earth_sci_2015,39,multiple-choice,"About 2.0 billion years ago, complex organisms began to inhabit Earth. These complex organisms developed primarily because of —","About 2.0 billion years ago, complex organisms began to inhabit Earth. These complex organisms developed primarily because of —"
science-earth-sci-2015.js,science_earth_sci_2015,40,multiple-choice,Students on a geology field trip will identify minerals by their streak. Which of these should the students bring on the field trip?,Students on a geology field trip will identify minerals by their streak. Which of these should the students bring on the field trip?
science-earth-sci-2015.js,science_earth_sci_2015,41,drag-drop,"Well logs are used by oil companies to correlate geologic formations. Based on the formations in Well A, which geologic formations are missing in Well B?","Well logs are used by oil companies to correlate geologic formations. Based on the formations in Well A, which geologic formations are missing in Well B?<br><br><img src=""images/question_41.png"" class=""question-image"">"
science-earth-sci-2015.js,science_earth_sci_2015,42,multiple-choice,"A low pressure system has moved away from the equator and is moving directly over water. When the system reaches 60°N latitude, the system will most likely be at a point where —","A low pressure system has moved away from the equator and is moving directly over water. When the system reaches 60°N latitude, the system will most likely be at a point where —"
science-earth-sci-2015.js,science_earth_sci_2015,43,drag-drop,"Starting with the event that scientists theorize happened first and ending with the event that scientists theorize happened last, arrange the events in chronological order.","Starting with the event that scientists theorize happened first and ending with the event that scientists theorize happened last, arrange the events in chronological order."
science-earth-sci-2015.js,science_earth_sci_2015,44,multiple-choice,Which characteristic do all the planets in our solar system have in common?,Which characteristic do all the planets in our solar system have in common?
science-earth-sci-2015.js,science_earth_sci_2015,45,multiple-choice,"A scientist is studying energy transfer that occurs in the oceans, atmosphere, and Earth's interior. Which of these is the scientist most likely studying?","A scientist is studying energy transfer that occurs in the oceans, atmosphere, and Earth's interior. Which of these is the scientist most likely studying?"
science-grade5-2015.js,science_grade5_2015,1,multiple-choice,A fungus is found growing on dead leaves on the forest floor. The fungus is an example of a--,A fungus is found growing on dead leaves on the forest floor. The fungus is an example of a--
science-grade5-2015.js,science_grade5_2015,2,multiple-choice,"Based on the table, how much rainfall should a scientist have predicted for May of 2011 in Norfolk?","Based on the table, how much rainfall should a scientist have predicted for May of 2011 in Norfolk?"
science-grade5-2015.js,science_grade5_2015,3,multiple-choice,Which of these best explains why the sun is not visible during the night?,Which of these best explains why the sun is not visible during the night?
science-grade5-2015.js,science_grade5_2015,4,multiple-choice,A model of a plate boundary is shown. What most likely happens as the plates slide past each other?,A model of a plate boundary is shown. What most likely happens as the plates slide past each other?
science-grade5-2015.js,science_grade5_2015,5,free-response,What is the mass of the rock shown?,What is the mass of the rock shown?
science-grade5-2015.js,science_grade5_2015,6,multiple-choice,"During pollination, pollen is transferred from a stamen to a--","During pollination, pollen is transferred from a stamen to a--"
science-grade5-2015.js,science_grade5_2015,7,multiple-choice,Which of these is an impact made by humans?,Which of these is an impact made by humans?
science-grade5-2015.js,science_grade5_2015,8,multiple-choice,Lobster pots are used by fishermen to catch lobsters in shallow water. In which area of the ocean would commercial fishermen most likely place their lobster pots?,Lobster pots are used by fishermen to catch lobsters in shallow water. In which area of the ocean would commercial fishermen most likely place their lobster pots?
science-grade5-2015.js,science_grade5_2015,9,multiple-choice,Which unit is best to use to measure the distance a runner covered in 30 seconds?,Which unit is best to use to measure the distance a runner covered in 30 seconds?
science-grade5-2015.js,science_grade5_2015,10,multiple-choice,In which direction will the ball most likely go after it hits the wall?,In which direction will the ball most likely go after it hits the wall?
science-grade5-2015.js,science_grade5_2015,11,multiple-choice,What is the difference between 5/12 and 1/4,What is the difference between 5/12 and 1/4
science-grade5-2015.js,science_grade5_2015,12,multiple-choice,Which cell part is necessary for producing food?,Which cell part is necessary for producing food?
science-grade5-2015.js,science_grade5_2015,13,multiple-choice,One way in which light waves are different from sound waves is that light waves--,One way in which light waves are different from sound waves is that light waves--
science-grade5-2015.js,science_grade5_2015,14,multiple-choice,Which material will correctly complete the chart?,Which material will correctly complete the chart?
science-grade5-2015.js,science_grade5_2015,15,multiple-choice,A student rubbed a plastic comb with a piece of wool cloth and then placed the comb near a stream of water. The water bent toward the comb as shown because of-,A student rubbed a plastic comb with a piece of wool cloth and then placed the comb near a stream of water. The water bent toward the comb as shown because of-
science-grade5-2015.js,science_grade5_2015,16,multiple-choice,Which plant part develops into a fruit?,Which plant part develops into a fruit?
science-grade5-2015.js,science_grade5_2015,17,multiple-choice,A student is investigating the time it takes for different objects to reach the ground after they are dropped. The constant in this investigation is the -,A student is investigating the time it takes for different objects to reach the ground after they are dropped. The constant in this investigation is the -
science-grade5-2015.js,science_grade5_2015,18,multiple-select,Identify the quantitative data shown.,Identify the quantitative data shown.
science-grade5-2015.js,science_grade5_2015,19,multiple-choice,Which of these represents a correct flow of energy based on the food web shown?,Which of these represents a correct flow of energy based on the food web shown?
science-grade5-2015.js,science_grade5_2015,20,multiple-choice,"When stirred together, which two substances form a solution?","When stirred together, which two substances form a solution?"
science-grade5-2015.js,science_grade5_2015,21,multiple-choice,The plants are most likely responding to which factor in the environment?,The plants are most likely responding to which factor in the environment?
science-grade5-2015.js,science_grade5_2015,22,multiple-choice,"The greater the frequency of a sound wave, the--","The greater the frequency of a sound wave, the--"
science-grade5-2015.js,science_grade5_2015,23,multiple-choice,"A student made the model showing the particles in a solid. To improve the model, the student should--","A student made the model showing the particles in a solid. To improve the model, the student should--"
science-grade5-2015.js,science_grade5_2015,24,multiple-choice,Which substance produced during photosynthesis is represented by the X in the illustration?,Which substance produced during photosynthesis is represented by the X in the illustration?
science-grade5-2015.js,science_grade5_2015,25,multiple-choice,Which of these animals is classified as a vertebrate?,Which of these animals is classified as a vertebrate?
science-grade5-2015.js,science_grade5_2015,26,multiple-choice,"An electromagnet can be made using a battery, insulated wire, and--","An electromagnet can be made using a battery, insulated wire, and--"
science-grade5-2015.js,science_grade5_2015,27,multiple-choice,High and low tides on the coast are caused mostly by -,High and low tides on the coast are caused mostly by -
science-grade5-2015.js,science_grade5_2015,28,multiple-choice,The plant shown grows in swamps and produces an odor similar to a skunk. Why should people preserve a plant like the skunk cabbage?,The plant shown grows in swamps and produces an odor similar to a skunk. Why should people preserve a plant like the skunk cabbage?
science-grade5-2015.js,science_grade5_2015,29,multiple-choice,Which pair of organisms needs to switch places for the ocean food chain to be correct?,Which pair of organisms needs to switch places for the ocean food chain to be correct?
science-grade5-2015.js,science_grade5_2015,30,multiple-choice,Students investigated how different colors of construction paper in a solar oven affect the heating of water. Which graph correctly represents the data for the brown construction paper?,Students investigated how different colors of construction paper in a solar oven affect the heating of water. Which graph correctly represents the data for the brown construction paper?
science-grade5-2015.js,science_grade5_2015,31,multiple-choice,A student made a track for a toy sled using 4 different materials. At which section of the track is friction most likely to cause the greatest resistance to the motion of the toy sled?,A student made a track for a toy sled using 4 different materials. At which section of the track is friction most likely to cause the greatest resistance to the motion of the toy sled?
science-grade5-2015.js,science_grade5_2015,32,multiple-choice,Which pair of colors is in order from the longest wavelength of light in the visible spectrum to the shortest wavelength?,Which pair of colors is in order from the longest wavelength of light in the visible spectrum to the shortest wavelength?
science-grade5-2015.js,science_grade5_2015,33,multiple-choice,"Based on the mineral identification table, which mineral belongs in square X of the flow chart?","Based on the mineral identification table, which mineral belongs in square X of the flow chart?"
science-grade5-2015.js,science_grade5_2015,34,multiple-choice,The conveyor belt moves the groceries by transforming electrical energy into--,The conveyor belt moves the groceries by transforming electrical energy into--
science-grade5-2015.js,science_grade5_2015,35,multiple-choice,Students made a classroom barometer that can be used to measure--,Students made a classroom barometer that can be used to measure--
science-grade5-2015.js,science_grade5_2015,36,multiple-choice,Which of these is an example of a behavioral adaptation?,Which of these is an example of a behavioral adaptation?
science-grade5-2015.js,science_grade5_2015,37,multiple-choice,Coal is important for Virginia because it--,Coal is important for Virginia because it--
science-grade8-2015.js,science_grade8_2015,1,multiple-choice,"Sea anemones are poisonous. However, the clownfish has developed an outer layer of mucus which provides protection from the stinging cells of the sea anemone. The mucus is best described as--","Sea anemones are poisonous. However, the clownfish has developed an outer layer of mucus which provides protection from the stinging cells of the sea anemone. The mucus is best described as--"
science-grade8-2015.js,science_grade8_2015,2,multiple-choice,Hurricanes form in tropical waters between 8 and 20 degrees north and south of the equator. Hurricanes rarely form at higher latitudes because the water is too--,Hurricanes form in tropical waters between 8 and 20 degrees north and south of the equator. Hurricanes rarely form at higher latitudes because the water is too--
science-grade8-2015.js,science_grade8_2015,3,multiple-choice,"On a small island, scientists observed and graphed changes in wolf and moose populations. From 1965 to 1970, which data pattern did scientists observe?","On a small island, scientists observed and graphed changes in wolf and moose populations. From 1965 to 1970, which data pattern did scientists observe?"
science-grade8-2015.js,science_grade8_2015,4,multiple-choice,A metal spoon was placed in a dish of ice cream and became cool. Which correctly describes the heat transfer process that resulted in the cooling of the spoon?,A metal spoon was placed in a dish of ice cream and became cool. Which correctly describes the heat transfer process that resulted in the cooling of the spoon?
science-grade8-2015.js,science_grade8_2015,5,multiple-choice,"Students performed several trials using the laboratory setup shown. students were also given this hypothesis: If friction increases, then the rolling distance of a marble will decrease. What should be changed to best test this hypothesis?","Students performed several trials using the laboratory setup shown. students were also given this hypothesis: If friction increases, then the rolling distance of a marble will decrease. What should be changed to best test this hypothesis?"
science-grade8-2015.js,science_grade8_2015,6,multiple-choice,A student recorded the temperature of an aquarium each hour for 8 hours. Which of these will best display the data the student collected?,A student recorded the temperature of an aquarium each hour for 8 hours. Which of these will best display the data the student collected?
science-grade8-2015.js,science_grade8_2015,7,multiple-choice,A cold air mass moves underneath a warm air mass causing the warm air to rise. This event can best be identified as -,A cold air mass moves underneath a warm air mass causing the warm air to rise. This event can best be identified as -
science-grade8-2015.js,science_grade8_2015,8,multiple-choice,Which body of water is often protected naturally from storms by barrier islands and also contains a mixture of fresh water and salt water?,Which body of water is often protected naturally from storms by barrier islands and also contains a mixture of fresh water and salt water?
science-grade8-2015.js,science_grade8_2015,9,multiple-select,Which three drawings best represent objects with kinetic energy?,Which three drawings best represent objects with kinetic energy?
science-grade8-2015.js,science_grade8_2015,10,multiple-choice,Which of these best completes the Conversion Table?,Which of these best completes the Conversion Table?
science-grade8-2015.js,science_grade8_2015,11,multiple-choice,"A student measured the power of a motor operating at different temperatures. The student recorded a total of 11 measurements, one at each 2 degree interval between 10°C and 30°C. Which change in the procedure would most improve the validity of conclusions based on this investigation?","A student measured the power of a motor operating at different temperatures. The student recorded a total of 11 measurements, one at each 2 degree interval between 10°C and 30°C. Which change in the procedure would most improve the validity of conclusions based on this investigation?"
science-grade8-2015.js,science_grade8_2015,12,multiple-choice,Which of these has the strongest gravitational field?,Which of these has the strongest gravitational field?
science-grade8-2015.js,science_grade8_2015,13,multiple-choice,Students placed steel wool in beakers of four different liquids in order of the most acidic to neutral. The students recorded their observations in the table. Which is the best conclusion based on the table?,Students placed steel wool in beakers of four different liquids in order of the most acidic to neutral. The students recorded their observations in the table. Which is the best conclusion based on the table?
science-grade8-2015.js,science_grade8_2015,14,multiple-choice,Which is the result of using a more powerful motor to run an elevator?,Which is the result of using a more powerful motor to run an elevator?
science-grade8-2015.js,science_grade8_2015,15,multiple-choice,A major scientific concern over nuclear energy is how to--,A major scientific concern over nuclear energy is how to--
science-grade8-2015.js,science_grade8_2015,16,drag-drop,What are the ordered steps for cloud formation?,What are the ordered steps for cloud formation?
science-grade8-2015.js,science_grade8_2015,17,multiple-choice,"Why is water known as the ""universal solvent""?","Why is water known as the ""universal solvent""?"
science-grade8-2015.js,science_grade8_2015,18,multiple-choice,Which of these has been improved by genetic engineering?,Which of these has been improved by genetic engineering?
science-grade8-2015.js,science_grade8_2015,19,multiple-choice,Which action will most reduce the use of nonrenewable energy resources in a school district?,Which action will most reduce the use of nonrenewable energy resources in a school district?
science-grade8-2015.js,science_grade8_2015,20,multiple-choice,Sound waves are unable to travel through--,Sound waves are unable to travel through--
science-grade8-2015.js,science_grade8_2015,21,multiple-choice,"The speed of light is about 300,000,000 m/s. Which is the correct expression for the speed of light in scientific notation?","The speed of light is about 300,000,000 m/s. Which is the correct expression for the speed of light in scientific notation?"
science-grade8-2015.js,science_grade8_2015,22,multiple-choice,"Which of these properties of an unknown liquid can be found using a beaker, a hot plate, and a temperature probe?","Which of these properties of an unknown liquid can be found using a beaker, a hot plate, and a temperature probe?"
science-grade8-2015.js,science_grade8_2015,23,drag-drop,Place the terms in the order of the simplest level of organization to the most complex.,Place the terms in the order of the simplest level of organization to the most complex.
science-grade8-2015.js,science_grade8_2015,24,multiple-choice,"A group of campers travels to a cabin which has no electrical power. In order to provide the power for a heater and lights, which device would be appropriate?","A group of campers travels to a cabin which has no electrical power. In order to provide the power for a heater and lights, which device would be appropriate?"
science-grade8-2015.js,science_grade8_2015,25,multiple-choice,Which of the.se i.s most likely the result of weasels and foxes depending on the same food source?,Which of the.se i.s most likely the result of weasels and foxes depending on the same food source?
science-grade8-2015.js,science_grade8_2015,26,multiple-choice,"A farmer wants to plant a crop that grows well in a marshland environment. In order to produce a good harvest, the most important characteristic this plant should have is the ability to--","A farmer wants to plant a crop that grows well in a marshland environment. In order to produce a good harvest, the most important characteristic this plant should have is the ability to--"
science-grade8-2015.js,science_grade8_2015,27,multiple-choice,"The volume of water in the pot decreases during this investigation. Water droplets form on the mirror when positioned over the pot. In this setup, water--","The volume of water in the pot decreases during this investigation. Water droplets form on the mirror when positioned over the pot. In this setup, water--"
science-grade8-2015.js,science_grade8_2015,28,multiple-choice,Which is an abiotic change in an ecosystem?,Which is an abiotic change in an ecosystem?
science-grade8-2015.js,science_grade8_2015,29,free-response,Ca + 2H₂O → Ca(OH)₂ + H₂ How many different elements are involved in the chemical reaction shown?,Ca + 2H₂O → Ca(OH)₂ + H₂ <br> How many different elements are involved in the chemical reaction shown?
science-grade8-2015.js,science_grade8_2015,30,multiple-choice,Physical and chemical weathering processes are responsible for breaking down rocks. Which of these is an example of chemical weathering by water?,Physical and chemical weathering processes are responsible for breaking down rocks. Which of these is an example of chemical weathering by water?
science-grade8-2015.js,science_grade8_2015,31,multiple-choice,The shaded row in the t.able is called a--,The shaded row in the t.able is called a--
science-grade8-2015.js,science_grade8_2015,32,multiple-choice,White-footed mice having thicker fur than cactus mice is probably influenced most by the differences in the--,White-footed mice having thicker fur than cactus mice is probably influenced most by the differences in the--
science-grade8-2015.js,science_grade8_2015,33,multiple-choice,"During human fertilization, an egg and a sperm cell unite. Which structures in these cells carry the genes that will be transferred to the offspring?","During human fertilization, an egg and a sperm cell unite. Which structures in these cells carry the genes that will be transferred to the offspring?"
science-grade8-2015.js,science_grade8_2015,34,multiple-choice,Which facility relies on a nonrenewable source of energy?,Which facility relies on a nonrenewable source of energy?
science-grade8-2015.js,science_grade8_2015,35,multiple-choice,"As the frequency of a wave decreases, the wave's--","As the frequency of a wave decreases, the wave's--"
science-grade8-2015.js,science_grade8_2015,36,multiple-choice,This picture shows a zebra with two tick birds on its back. The tick birds alert the zebras that predators are near as well as remove and eat ticks found on zebras. What is the primary type of interaction between the tick birds and the zebras?,This picture shows a zebra with two tick birds on its back. The tick birds alert the zebras that predators are near as well as remove and eat ticks found on zebras. What is the primary type of interaction between the tick birds and the zebras?
science-grade8-2015.js,science_grade8_2015,37,multiple-choice,Which change will most likely increase the strength of a magnetic field produced by an electromagnet?,Which change will most likely increase the strength of a magnetic field produced by an electromagnet?
science-grade8-2015.js,science_grade8_2015,38,multiple-choice,The physical expression of a trait in an organism is known as the--,The physical expression of a trait in an organism is known as the--
science-grade8-2015.js,science_grade8_2015,39,multiple-choice,Which statement correctly describes a difference between the mesosphere and the stratosphere?,Which statement correctly describes a difference between the mesosphere and the stratosphere?
science-grade8-2015.js,science_grade8_2015,40,multiple-select,Which organisms are producers in this food web?,Which organisms are producers in this food web?
science-grade8-2015.js,science_grade8_2015,41,multiple-choice,Which of these represents the freezing point of water in correct SI units?,Which of these represents the freezing point of water in correct SI units?
science-grade8-2015.js,science_grade8_2015,42,multiple-choice,A girl kicks a soccer ball into the air. Which of these best explains why the soccer ball falls back to Earth?,A girl kicks a soccer ball into the air. Which of these best explains why the soccer ball falls back to Earth?
science-grade8-2015.js,science_grade8_2015,43,multiple-choice,Students measured the amount of an unknown substance that dissolved in water at different temperatures. What was the independent variable in this investigation?,Students measured the amount of an unknown substance that dissolved in water at different temperatures. What was the independent variable in this investigation?
science-grade8-2015.js,science_grade8_2015,44,multiple-choice,Which characteristic is common to the four outer planets in our solar system?,Which characteristic is common to the four outer planets in our solar system?
science-grade8-2015.js,science_grade8_2015,45,multiple-choice,"When comparing a plant cell to an animal cell, only the plant cell will contain--","When comparing a plant cell to an animal cell, only the plant cell will contain--"
science-grade8-2015.js,science_grade8_2015,46,multiple-choice,"A student measures her heart rate after each of the activities listed. Based on this information, which is a constant in the student's investigation?","A student measures her heart rate after each of the activities listed. Based on this information, which is a constant in the student's investigation?"
science-grade8-2015.js,science_grade8_2015,47,multiple-choice,Which of these is the best description of a typical organism in the Plant kingdom?,Which of these is the best description of a typical organism in the Plant kingdom?
science-grade8-2015.js,science_grade8_2015,48,multiple-choice,Which of these is a way that a person can help improve air quality?,Which of these is a way that a person can help improve air quality?
